﻿{
  "title": "Community Opioid Research and Response Dashboard",
  "services": {
    "query": {
      "idQueue": [
        1,
        2,
        3,
        4
      ],
      "list": {
        "0": {
          "query": "intervention_name:\"Prescription Drug Monitoring Programs\" OR intervention_name:\"Integration of PDMP and EHR\" OR intervention_name:\"Lock-in programs\" OR intervention_name:\"Safe storage programs\"",
          "alias": "",
          "color": "#7EB26D",
          "id": 0,
          "pin": false,
          "type": "lucene"
        }
      },
      "ids": [
        0
      ]
    },
    "filter": {
      "idQueue": [
        0,
        1,
        2
      ],
      "list": {},
      "ids": []
    }
  },
  "rows": [
    {
      "title": "Query",
      "height": "50px",
      "editable": true,
      "collapse": false,
      "collapsable": true,
      "panels": [
        {
          "span": 4,
          "editable": true,
          "type": "hits",
          "loadingEditor": false,
          "queries": {
            "mode": "all",
            "ids": [
              0
            ],
            "query": "q=*&fq=status:APPROVED&stats=true&stats.field=id&wt=json&rows=0\n",
            "basic_query": "",
            "custom": ""
          },
          "style": {
            "font-size": "14pt"
          },
          "arrangement": "horizontal",
          "chart": "total",
          "counter_pos": "above",
          "donut": false,
          "tilt": false,
          "labels": true,
          "spyable": true,
          "title": "Total Hits",
          "show_queries": true,
          "metrics": [
            {
              "type": "count",
              "field": "id",
              "decimalDigits": 0,
              "label": "",
              "value": "3"
            }
          ],
          "refresh": {
            "enable": false,
            "interval": 2
          }
        },
        {
          "error": false,
          "span": 8,
          "editable": true,
          "group": [
            "default"
          ],
          "type": "query",
          "label": "Search",
          "history": [
            "*",
            "bling",
            "full_abstract:blind",
            "full_abstract:",
            "full_abstract:*",
            "intervention_summary:blind",
            "*:blind",
            "*:*",
            ";",
            "what"
          ],
          "remember": 10,
          "pinned": true,
          "query": "*",
          "title": "Search Our Database of Promising Practices",
          "spyable": true,
          "def_type": ""
        }
      ]
    },
    {
      "title": "main",
      "height": "300px",
      "editable": true,
      "collapse": false,
      "collapsable": true,
      "panels": [
        {
          "error": false,
          "span": 4,
          "editable": true,
          "type": "column",
          "loadingEditor": false,
          "panels": [
            {
              "loading": false,
              "sizeable": false,
              "span": 12,
              "height": "150px",
              "editable": true,
              "type": "facet",
              "draggable": false,
              "status": "Stable",
              "queries": {
                "mode": "all",
                "ids": [
                  0
                ],
                "query": "q=*&fq=status:APPROVED&facet=true&facet.field=intervention_name&facet.field=program_success&facet.field=region&facet.field=source_type&facet.field=race&facet.field=intervention_goal&facet.field=implementers&facet.field=scale&facet.field=country&facet.field=program_components&facet.field=population&wt=json",
                "basic_query": "q=*&fq=status:APPROVED&facet=true&facet.field=intervention_name&facet.field=program_success&facet.field=region&facet.field=source_type&facet.field=race&facet.field=intervention_goal&facet.field=implementers&facet.field=scale&facet.field=country&facet.field=program_components&facet.field=population",
                "custom": ""
              },
              "group": "default",
              "style": {
                "font-size": "9pt"
              },
              "overflow": "min-height",
              "fields": [
                "intervention_name",
                "program_success",
                "region",
                "source_type",
                "race",
                "intervention_goal",
                "implementers",
                "scale",
                "country",
                "program_components",
                "population"
              ],
              "spyable": true,
              "facet_limit": 50,
              "maxnum_facets": 11,
              "foundResults": true,
              "header_title": "",
              "toggle_element": null,
              "show_queries": true,
              "exportSize": null,
              "offset": 0,
              "title": "filters"
            },
            {
              "type": "map",
              "field": "geography",
              "size": 1000,
              "map": "usa",
              "height": "300px",
              "queries": {
                "mode": "all",
                "ids": [
                  0
                ],
                "query": "q=*&fq=status:APPROVED&wt=json&rows=0&facet=true&facet.field=geography&facet.limit=1000",
                "custom": ""
              },
              "mode": "count",
              "stats_field": "",
              "decimal_points": 0,
              "useNames": false,
              "colors": [
                "#A0E2E2",
                "#265656"
              ],
              "exclude": [],
              "spyable": true,
              "index_limit": 0,
              "show_queries": true
            },
            {
              "loading": false,
              "sizeable": false,
              "span": 12,
              "height": "150px",
              "editable": true,
              "type": "bar",
              "draggable": false,
              "field": "population",
              "queries": {
                "mode": "all",
                "query": "q=*&fq=status:APPROVED&wt=json&rows=0&facet=true&facet.field=population&facet.limit=10",
                "custom": "",
                "ids": [
                  0
                ]
              },
              "size": 10,
              "spyable": true,
              "show_queries": true,
              "title": "population"
            },
            {
              "loading": false,
              "sizeable": false,
              "span": 12,
              "height": "150px",
              "editable": true,
              "type": "bar",
              "draggable": false,
              "field": "implementers",
              "queries": {
                "mode": "all",
                "query": "q=*&fq=status:APPROVED&wt=json&rows=0&facet=true&facet.field=implementers&facet.limit=20",
                "custom": "",
                "ids": [
                  0
                ]
              },
              "size": 20,
              "spyable": true,
              "show_queries": true,
              "title": "implementers"
            },
            {
              "loading": false,
              "sizeable": false,
              "span": 12,
              "height": "150px",
              "editable": true,
              "type": "tagcloud",
              "draggable": false,
              "queries": {
                "mode": "all",
                "ids": [
                  0
                ],
                "query": "q=*&fq=status:APPROVED&wt=json&rows=0&facet=true&facet.field=program_components&facet.limit=50",
                "custom": ""
              },
              "field": "program_components",
              "size": 50,
              "alignment": "vertical and horizontal",
              "fontScale": 6,
              "ignoreStopWords": false,
              "spyable": true,
              "show_queries": true,
              "title": "program_components"
            }
          ]
        },
        {
          "error": false,
          "span": 8,
          "editable": true,
          "type": "column",
          "loadingEditor": false,
          "panels": [
            {
              "loading": false,
              "error": false,
              "sizeable": false,
              "span": 12,
              "height": "50px",
              "editable": true,
              "type": "filtering",
              "draggable": false,
              "spyable": true
            },
            {
              "loading": false,
              "sizeable": false,
              "span": 12,
              "height": "150px",
              "editable": true,
              "type": "fullTextSearch",
              "draggable": false,
              "status": "Stable",
              "queries": {
                "mode": "all",
                "ids": [
                  0
                ],
                "query": "q=*&fq=status:APPROVED&facet=true&wt=json&rows=1000&hl=true&hl.fl=public_summary",
                "basic_query": "q=*&fq=status:APPROVED&facet=true",
                "custom": ""
              },
              "size": 10,
              "pages": 100,
              "offset": 0,
              "group": "default",
              "sort": [],
              "style": {
                "font-size": "12pt"
              },
              "overflow": "min-height",
              "fields": [],
              "highlight": [],
              "sortable": false,
              "header": true,
              "paging": true,
              "field_list": true,
              "trimFactor": 10000,
              "normTimes": true,
              "spyable": true,
              "saveOption": "json",
              "exportSize": 1000,
              "exportAll": true,
              "facet_limit": 10,
              "foundResults": true,
              "show_queries": true,
              "header_field": "title",
              "body_field": "public_summary",
              "url_field": "link"
            }
          ]
        }
      ]
    }
  ],
  "editable": true,
  "index": {
    "interval": "none",
    "pattern": "[logstash-]YYYY.MM.DD",
    "default": "_all"
  },
  "style": "light",
  "failover": false,
  "panel_hints": true,
  "loader": {
    "save_gist": false,
    "save_elasticsearch": false,
    "save_local": true,
    "save_default": false,
    "save_temp": false,
    "save_temp_ttl_enable": false,
    "save_temp_ttl": "30d",
    "load_gist": false,
    "load_elasticsearch": false,
    "load_elasticsearch_size": 20,
    "load_local": true,
    "hide": false,
    "dropdown_collections": false,
    "save_as_public": false
  },
  "solr": {
    "server": "/solr/",
    "core_name": "promising_practices",
    "core_list": [
      "promising_practices"
    ],
    "global_params": "&fq=status:APPROVED"
  },
  "username": "guest"
}
